﻿product_category_name;product_category_name_split;product_sub_category_name;new_assigned_name;product_category_name_english
agro_industria_e_comercio;agro_industria_e_comercio;;agro_industria_e_comercio;agro_industry_and_commerce
alimentos;alimentos;;alimentos;food
alimentos_bebidas;alimentos;bebidas;alimentos - bebidas;food_drink
artes;artes;;artes;art
artes_e_artesanato;artes_e_artesanato;;artes_e_artesanato;arts_and_craftmanship
artigos_de_festas;artigos;de_festas;artigos - de_festas;party_supplies
artigos_de_natal;artigos;de_natal;artigos - de_natal;christmas_supplies
audio;audio;;audio;audio
automotivo;automotivo;;automotivo;auto
bebes;bebes;;bebes;baby
bebidas;bebidas;;bebidas;drinks
beleza_saude;beleza_saude;;beleza_saude;health_beauty
brinquedos;brinquedos;;brinquedos;toys
cama_mesa_banho;cama_mesa_banho;;cama_mesa_banho;bed_bath_table
casa_conforto;casa_conforto;casa_conforto_01;casa_conforto - casa_conforto_01;home_confort
casa_conforto_2;casa_conforto;casa_conforto_02;casa_conforto - casa_conforto_02;home_comfort_2
casa_construcao;casa_construcao;;casa_construcao;home_construction
cds_dvds_musicais;cds_dvds_musicais;;cds_dvds_musicais;cds_dvds_musicals
cine_foto;cine_foto;;cine_foto;cine_photo
climatizacao;climatizacao;;climatizacao;air_conditioning
consoles_games;consoles_games;;consoles_games;consoles_games
construcao_ferramentas_construcao;construcao_ferramentas;construcao;construcao_ferramentas - construcao;construction_tools_construction
construcao_ferramentas_ferramentas;construcao_ferramentas;ferramentas;construcao_ferramentas - ferramentas;costruction_tools_tools
construcao_ferramentas_iluminacao;construcao_ferramentas;iluminacao;construcao_ferramentas - iluminacao;construction_tools_lights
construcao_ferramentas_jardim;construcao_ferramentas;jardim;construcao_ferramentas - jardim;costruction_tools_garden
construcao_ferramentas_seguranca;construcao_ferramentas;seguranca;construcao_ferramentas - seguranca;construction_tools_safety
cool_stuff;cool_stuff;;cool_stuff;cool_stuff
dvds_blu_ray;dvds_blu_ray;;dvds_blu_ray;dvds_blu_ray
eletrodomesticos;eletrodomesticos;eletrodomesticos_01;eletrodomesticos - eletrodomesticos_01;home_appliances
eletrodomesticos_2;eletrodomesticos;eletrodomesticos_02;eletrodomesticos - eletrodomesticos_02;home_appliances_2
eletronicos;eletronicos;;eletronicos;electronics
eletroportateis;eletroportateis;;eletroportateis;small_appliances
esporte_lazer;esporte_lazer;;esporte_lazer;sports_leisure
fashion_bolsas_e_acessorios;fashion;bolsas_e_acessorios;fashion - bolsas_e_acessorios;fashion_bags_accessories
fashion_calcados;fashion;calcados;fashion - calcados;fashion_shoes
fashion_esporte;fashion;esporte;fashion - esporte;fashion_sport
fashion_roupa_feminina;fashion;roupa_feminina;fashion - roupa_feminina;fashio_female_clothing
fashion_roupa_infanto_juvenil;fashion;roupa_infanto_juvenil;fashion - roupa_infanto_juvenil;fashion_childrens_clothes
fashion_roupa_masculina;fashion;roupa_masculina;fashion - roupa_masculina;fashion_male_clothing
fashion_underwear_e_moda_praia;fashion;underwear_e_moda_praia;fashion - underwear_e_moda_praia;fashion_underwear_beach
ferramentas_jardim;ferramentas_jardim;;ferramentas_jardim;garden_tools
flores;flores;;flores;flowers
fraldas_higiene;fraldas_higiene;;fraldas_higiene;diapers_and_hygiene
industria_comercio_e_negocios;industria_comercio_e_negocios;;industria_comercio_e_negocios;industry_commerce_and_business
informatica_acessorios;informatica_acessorios;;informatica_acessorios;computers_accessories
instrumentos_musicais;instrumentos_musicais;;instrumentos_musicais;musical_instruments
la_cuisine;la_cuisine;;la_cuisine;la_cuisine
livros_importados;livros;importados;livros - importados;books_imported
livros_interesse_geral;livros;interesse_geral;livros - interesse_geral;books_general_interest
livros_tecnicos;livros;tecnicos;livros - tecnicos;books_technical
malas_acessorios;malas_acessorios;;malas_acessorios;luggage_accessories
market_place;market_place;;market_place;market_place
moveis_colchao_e_estofado;moveis;colchao_e_estofado;moveis - colchao_e_estofado;furniture_mattress_and_upholstery
moveis_cozinha_area_de_servico_jantar_e_jardim;moveis;cozinha_area_de_servico_jantar_e_jardim;moveis - cozinha_area_de_servico_jantar_e_jardim;kitchen_dining_laundry_garden_furniture
moveis_decoracao;moveis;decoracao;moveis - decoracao;furniture_decor
moveis_escritorio;moveis;escritorio;moveis - escritorio;office_furniture
moveis_quarto;moveis;quarto;moveis - quarto;furniture_bedroom
moveis_sala;moveis;sala;moveis - sala;furniture_living_room
musica;musica;;musica;music
papelaria;papelaria;;papelaria;stationery
pcs;pcs;;pcs;computers
perfumaria;perfumaria;;perfumaria;perfumery
pet_shop;pet_shop;;pet_shop;pet_shop
portateis_casa_forno_e_cafe;portateis_casa_forno_e_cafe;;portateis_casa_forno_e_cafe;small_appliances_home_oven_and_coffee
relogios_presentes;relogios_presentes;;relogios_presentes;watches_gifts
seguros_e_servicos;seguros_e_servicos;;seguros_e_servicos;security_and_services
sinalizacao_e_seguranca;sinalizacao_e_seguranca;;sinalizacao_e_seguranca;signaling_and_security
tablets_impressao_imagem;tablets_impressao_imagem;;tablets_impressao_imagem;tablets_printing_image
telefonia;telefonia;telefonia;telefonia - telefonia;telephony
telefonia_fixa;telefonia;fixa;telefonia - fixa;fixed_telephony
utilidades_domesticas;utilidades_domesticas;;utilidades_domesticas;housewares